INSERT INTO alipay_config (id, app_id, charset, format, gateway_url, notify_url, private_key, public_key, return_url, sign_type, sys_service_provider_id) VALUES (1,'2016091700532697','utf-8','JSON','https://openapi.alipaydev.com/gateway.do','http://api.auauz.net/api/aliPay/notify','MIIEvAIBADANBgkqhkiG9w0BAQEFAASCBKYwggSiAgEAAoIBAQC5js8sInU10AJ0cAQ8UMMyXrQ+oHZEkVt5lBwsStmTJ7YikVYgbskx1YYEXTojRsWCb+SH/kDmDU4pK/u91SJ4KFCRMF2411piYuXU/jF96zKrADznYh/zAraqT6hvAIVtQAlMHN53nx16rLzZ/8jDEkaSwT7+HvHiS+7sxSojnu/3oV7BtgISoUNstmSe8WpWHOaWv19xyS+Mce9MY4BfseFhzTICUymUQdd/8hXA28/H6osUfAgsnxAKv7Wil3aJSgaJczWuflYOve0dJ3InZkhw5Cvr0atwpk8YKBQjy5CdkoHqvkOcIB+cYHXJKzOE5tqU7inSwVbHzOLQ3XbnAgMBAAECggEAVJp5eT0Ixg1eYSqFs9568WdetUNCSUchNxDBu6wxAbhUgfRUGZuJnnAll63OCTGGck+EGkFh48JjRcBpGoeoHLL88QXlZZbC/iLrea6gcDIhuvfzzOffe1RcZtDFEj9hlotg8dQj1tS0gy9pN9g4+EBH7zeu+fyv+qb2e/v1l6FkISXUjpkD7RLQr3ykjiiEw9BpeKb7j5s7Kdx1NNIzhkcQKNqlk8JrTGDNInbDM6inZfwwIO2R1DHinwdfKWkvOTODTYa2MoAvVMFT9Bec9FbLpoWp7ogv1JMV9svgrcF9XLzANZ/OQvkbe9TV9GWYvIbxN6qwQioKCWO4GPnCAQKBgQDgW5MgfhX8yjXqoaUy/d1VjI8dHeIyw8d+OBAYwaxRSlCfyQ+tieWcR2HdTzPca0T0GkWcKZm0ei5xRURgxt4DUDLXNh26HG0qObbtLJdu/AuBUuCqgOiLqJ2f1uIbrz6OZUHns+bT/jGW2Ws8+C13zTCZkZt9CaQsrp3QOGDx5wKBgQDTul39hp3ZPwGNFeZdkGoUoViOSd5Lhowd5wYMGAEXWRLlU8z+smT5v0POz9JnIbCRchIY2FAPKRdVTICzmPk2EPJFxYTcwaNbVqL6lN7J2IlXXMiit5QbiLauo55w7plwV6LQmKm9KV7JsZs5XwqF7CEovI7GevFzyD3w+uizAQKBgC3LY1eRhOlpWOIAhpjG6qOoohmeXOphvdmMlfSHq6WYFqbWwmV4rS5d/6LNpNdL6fItXqIGd8I34jzql49taCmi+A2nlR/E559j0mvM20gjGDIYeZUz5MOE8k+K6/IcrhcgofgqZ2ZED1ksHdB/E8DNWCswZl16V1FrfvjeWSNnAoGAMrBplCrIW5xz+J0Hm9rZKrs+AkK5D4fUv8vxbK/KgxZ2KaUYbNm0xv39c+PZUYuFRCz1HDGdaSPDTE6WeWjkMQd5mS6ikl9hhpqFRkyh0d0fdGToO9yLftQKOGE/q3XUEktI1XvXF0xyPwNgUCnq0QkpHyGVZPtGFxwXiDvpvgECgYA5PoB+nY8iDiRaJNko9w0hL4AeKogwf+4TbCw+KWVEn6jhuJa4LFTdSqp89PktQaoVpwv92el/AhYjWOl/jVCm122f9b7GyoelbjMNolToDwe5pF5RnSpEuDdLy9MfE8LnE3PlbE7E5BipQ3UjSebkgNboLHH/lNZA5qvEtvbfvQ==','MIIBIjANBgkqhkiG9w0BAQEFAAOCAQ8AMIIBCgKCAQEAut9evKRuHJ/2QNfDlLwvN/S8l9hRAgPbb0u61bm4AtzaTGsLeMtScetxTWJnVvAVpMS9luhEJjt+Sbk5TNLArsgzzwARgaTKOLMT1TvWAK5EbHyI+eSrc3s7Awe1VYGwcubRFWDm16eQLv0k7iqiw+4mweHSz/wWyvBJVgwLoQ02btVtAQErCfSJCOmt0Q/oJQjj08YNRV4EKzB19+f5A+HQVAKy72dSybTzAK+3FPtTtNen/+b5wGeat7c32dhYHnGorPkPeXLtsqqUTp1su5fMfd4lElNdZaoCI7osZxWWUo17vBCZnyeXc9fk0qwD9mK6yRAxNbrY72Xx5VqIqwIDAQA','http://api.auauz.net/api/aliPay/return','RSA2','2088102176044281');
INSERT INTO dept (id, name, pid, enabled, create_time) VALUES (1,'eladmin',0,'1','2019-03-25 09:14:05'),(2,'研发部',7,'1','2019-03-25 09:15:32'),(5,'运维部',7,'1','2019-03-25 09:20:44'),(6,'测试部',8,'1','2019-03-25 09:52:18'),(7,'华南分部',1,'1','2019-03-25 11:04:50'),(8,'华北分部',1,'1','2019-03-25 11:04:53'),(11,'人事部',8,'1','2019-03-25 11:07:58');
INSERT INTO dict (id, name, remark, create_time) VALUES (1,'user_status','用户状态','2019-10-27 20:31:36'),(4,'dept_status','部门状态','2019-10-27 20:31:36'),(5,'job_status','岗位状态','2019-10-27 20:31:36');
INSERT INTO dict_detail (id, label, value, sort, dict_id, create_time) VALUES (1,'激活','true','1',1,'2019-10-27 20:31:36'),(2,'禁用','false','2',1,NULL),(11,'启用','true','1',4,NULL),(12,'停用','false','2',4,'2019-10-27 20:31:36'),(13,'启用','true','1',5,NULL),(14,'停用','false','2',5,'2019-10-27 20:31:36');
INSERT INTO gen_config (id, author, cover, module_name, pack, path, api_path, prefix) VALUES (1,'Zheng Jie','0','eladmin-system','me.zhengjie.test','E:\\workspace\\me\\front\\eladmin-qt\\src\\views\\test1111','E:\\workspace\\me\\front\\eladmin-qt\\src\\api',NULL);
INSERT INTO job (id, name, enabled, sort, dept_id, create_time) VALUES (2,'董事长秘书','1',2,1,'2019-03-29 14:01:30'),(8,'人事专员','1',3,11,'2019-03-29 14:52:28'),(10,'产品经理','1',4,2,'2019-03-29 14:55:51'),(11,'全栈开发','1',6,2,'2019-03-31 13:39:30'),(12,'软件测试','1',5,2,'2019-03-31 13:39:43');
INSERT INTO menu (id, i_frame, name, component, pid, sort, icon, path, cache, hidden, component_name, create_time, permission, type) VALUES (1,'0','系统管理',NULL,0,1,'system','system','0','0',NULL,'2018-12-18 15:11:29',NULL,0),(2,'0','用户管理','system/user/index',1,2,'peoples','user','0','0','User','2018-12-18 15:14:44','user:list',1),(3,'0','角色管理','system/role/index',1,3,'role','role','0','0','Role','2018-12-18 15:16:07','roles:list',1),(5,'0','菜单管理','system/menu/index',1,5,'menu','menu','0','0','Menu','2018-12-18 15:17:28','menu:list',1),(6,'0','系统监控',NULL,0,10,'monitor','monitor','0','0',NULL,'2018-12-18 15:17:48',NULL,0),(7,'0','操作日志','monitor/log/index',6,11,'log','logs','0','0','Log','2018-12-18 15:18:26',NULL,1),(8,'0','系统缓存','monitor/redis/index',6,13,'redis','redis','0','0','Redis','2018-12-18 15:19:01','redis:list',1),(9,'0','SQL监控','monitor/sql/index',6,14,'sqlMonitor','druid','0','0','Sql','2018-12-18 15:19:34',NULL,1),(10,'0','组件管理',NULL,0,50,'zujian','components','0','0',NULL,'2018-12-19 13:38:16',NULL,0),(11,'0','图标库','components/IconSelect',10,51,'icon','icon','0','0','Icons','2018-12-19 13:38:49',NULL,1),(14,'0','邮件工具','tools/email/index',36,24,'email','email','0','0','Email','2018-12-27 10:13:09',NULL,1),(15,'0','富文本','components/Editor',10,52,'fw','tinymce','0','0','Editor','2018-12-27 11:58:25',NULL,1),(16,'0','图床管理','tools/picture/index',36,25,'image','pictures','0','0','Pictures','2018-12-28 09:36:53','pictures:list',1),(18,'0','存储管理','tools/storage/index',36,23,'qiniu','storage','0','0','Storage','2018-12-31 11:12:15','storage:list',1),(19,'0','支付宝工具','tools/aliPay/index',36,27,'alipay','aliPay','0','0','AliPay','2018-12-31 14:52:38',NULL,1),(21,'0','多级菜单','',0,900,'menu','nested','0','1',NULL,'2019-01-04 16:22:03',NULL,0),(22,'0','二级菜单1','nested/menu1/index',21,999,'menu','menu1','0','0',NULL,'2019-01-04 16:23:29',NULL,1),(23,'0','二级菜单2','nested/menu2/index',21,999,'menu','menu2','0','0',NULL,'2019-01-04 16:23:57',NULL,1),(24,'0','三级菜单1','nested/menu1/menu1-1',22,999,'menu','menu1-1','0','0',NULL,'2019-01-04 16:24:48',NULL,1),(27,'0','三级菜单2','nested/menu1/menu1-2',22,999,'menu','menu1-2','0','0',NULL,'2019-01-07 17:27:32',NULL,1),(28,'0','定时任务','system/timing/index',36,21,'timing','timing','0','0','Timing','2019-01-07 20:34:40','timing:list',1),(30,'0','代码生成','generator/index',36,22,'dev','generator','0','0','GeneratorIndex','2019-01-11 15:45:55',NULL,1),(32,'0','异常日志','monitor/log/errorLog',6,12,'error','errorLog','0','0','ErrorLog','2019-01-13 13:49:03',NULL,1),(33,'0','Markdown','components/MarkDown',10,53,'markdown','markdown','0','0','Markdown','2019-03-08 13:46:44',NULL,1),(34,'0','Yaml编辑器','components/YamlEdit',10,54,'dev','yaml','0','0','YamlEdit','2019-03-08 15:49:40',NULL,1),(35,'0','部门管理','system/dept/index',1,6,'dept','dept','0','0','Dept','2019-03-25 09:46:00','dept:list',1),(36,'0','系统工具','',0,20,'sys-tools','sys-tools','0','0',NULL,'2019-03-29 10:57:35',NULL,0),(37,'0','岗位管理','system/job/index',1,7,'Steve-Jobs','jo','0','0','Jo','2019-03-29 13:51:18','job:list',1),(38,'0','接口文档','tools/swagger/index',36,26,'swagger','swagger2','0','0','Swagger','2019-03-29 19:57:53',NULL,1),(39,'0','字典管理','system/dict/index',1,8,'dictionary','dict','0','0','Dict','2019-04-10 11:49:04','dict:list',1),(41,'0','在线用户','monitor/online/index',6,10,'Steve-Jobs','online','0','0','OnlineUser','2019-10-26 22:08:43',NULL,1),(44,'0','用户新增','',2,2,'','','0','0','','2019-10-29 10:59:46','user:add',2),(45,'0','用户编辑','',2,3,'','','0','0','','2019-10-29 11:00:08','user:edit',2),(46,'0','用户删除','',2,4,'','','0','0','','2019-10-29 11:00:23','user:del',2),(48,'0','角色创建','',3,2,'','','0','0','','2019-10-29 12:45:34','roles:add',2),(49,'0','角色修改','',3,3,'','','0','0','','2019-10-29 12:46:16','roles:edit',2),(50,'0','角色删除','',3,4,'','','0','0','','2019-10-29 12:46:51','roles:del',2),(52,'0','菜单新增','',5,2,'','','0','0','','2019-10-29 12:55:07','menu:add',2),(53,'0','菜单编辑','',5,3,'','','0','0','','2019-10-29 12:55:40','menu:edit',2),(54,'0','菜单删除','',5,4,'','','0','0','','2019-10-29 12:56:00','menu:del',2),(56,'0','部门新增','',35,2,'','','0','0','','2019-10-29 12:57:09','dept:add',2),(57,'0','部门编辑','',35,3,'','','0','0','','2019-10-29 12:57:27','dept:edit',2),(58,'0','部门删除','',35,4,'','','0','0','','2019-10-29 12:57:41','dept:del',2),(60,'0','岗位新增','',37,2,'','','0','0','','2019-10-29 12:58:27','job:add',2),(61,'0','岗位编辑','',37,3,'','','0','0','','2019-10-29 12:58:45','job:edit',2),(62,'0','岗位删除','',37,4,'','','0','0','','2019-10-29 12:59:04','job:del',2),(64,'0','字典新增','',39,2,'','','0','0','','2019-10-29 13:00:17','dict:add',2),(65,'0','字典编辑','',39,3,'','','0','0','','2019-10-29 13:00:42','dict:edit',2),(66,'0','字典删除','',39,4,'','','0','0','','2019-10-29 13:00:59','dict:del',2),(68,'0','缓存删除','',8,2,'','','0','0','','2019-10-29 13:04:07','redis:del',2),(70,'0','图片上传','',16,2,'','','0','0','','2019-10-29 13:05:34','pictures:add',2),(71,'0','图片删除','',16,3,'','','0','0','','2019-10-29 13:05:52','pictures:del',2),(73,'0','任务新增','',28,2,'','','0','0','','2019-10-29 13:07:28','timing:add',2),(74,'0','任务编辑','',28,3,'','','0','0','','2019-10-29 13:07:41','timing:edit',2),(75,'0','任务删除','',28,4,'','','0','0','','2019-10-29 13:07:54','timing:del',2),(77,'0','上传文件','',18,2,'','','0','0','','2019-10-29 13:09:09','storage:add',2),(78,'0','文件编辑','',18,3,'','','0','0','','2019-10-29 13:09:22','storage:edit',2),(79,'0','文件删除','',18,4,'','','0','0','','2019-10-29 13:09:34','storage:del',2);
INSERT INTO quartz_job (id, bean_name, cron_expression, is_pause, job_name, method_name, params, remark, create_time) VALUES (1,'visitsTask','0 0 0 * * ?','0','更新访客记录','run',NULL,'每日0点创建新的访客记录','2019-01-08 14:53:31'),(2,'testTask','0/5 * * * * ?','1','测试1','run1','test','带参测试，多参使用json','2019-08-22 14:08:29'),(3,'testTask','0/5 * * * * ?','1','测试','run','','不带参测试','2019-09-26 16:44:39');
INSERT INTO role (id, name, remark, data_scope, level, create_time, permission) VALUES (1,'超级管理员','-','全部',1,'2018-11-23 11:04:37','admin'),(2,'普通用户','-','自定义',2,'2018-11-23 13:09:06','common');
INSERT INTO roles_depts (role_id, dept_id) VALUES (2,2),(2,5);
INSERT INTO roles_menus (menu_id, role_id) VALUES (1,1),(2,1),(3,1),(5,1),(6,1),(7,1),(8,1),(9,1),(10,1),(11,1),(14,1),(15,1),(16,1),(18,1),(19,1),(21,1),(22,1),(23,1),(24,1),(27,1),(28,1),(30,1),(32,1),(33,1),(34,1),(35,1),(36,1),(37,1),(38,1),(39,1),(41,1),(44,1),(45,1),(46,1),(48,1),(49,1),(50,1),(52,1),(53,1),(54,1),(56,1),(57,1),(58,1),(60,1),(61,1),(62,1),(64,1),(65,1),(66,1),(68,1),(70,1),(71,1),(73,1),(74,1),(75,1),(77,1),(78,1),(79,1),(1,2),(2,2),(3,2),(5,2),(6,2),(8,2),(9,2),(10,2),(11,2),(14,2),(15,2),(16,2),(18,2),(19,2),(21,2),(23,2),(24,2),(27,2),(28,2),(30,2),(33,2),(34,2),(35,2),(36,2),(37,2),(38,2),(39,2),(70,2),(71,2),(77,2),(78,2),(79,2);
INSERT INTO users (id, avatar_id, email, enabled, password, username, dept_id, phone, job_id, create_time, last_password_reset_time) VALUES (1,NULL,'admin@eladmin.net','1','e10adc3949ba59abbe56e057f20f883e','admin',2,'18888888888',11,'2018-08-23 09:11:56','2019-05-18 17:34:21'),(3,NULL,'test@eladmin.net','1','e10adc3949ba59abbe56e057f20f883e','test',2,'17777777777',12,'2018-12-27 20:05:26','2019-04-01 09:15:24');
INSERT INTO users_roles (user_id, role_id) VALUES (1,1),(3,2);
INSERT INTO visits (id, create_time, date, ip_counts, pv_counts, week_day) VALUES (108,'2019-10-29 21:45:49','2019-10-29',1,1,'Tue'),(109,'2019-10-30 08:58:54','2019-10-30',2,11,'Wed'),(110,'2019-10-31 09:04:18','2019-10-31',2,8,'Thu');
